,pm10,pm25,no2,co,relativehumidity,name
17,1307,1348,1337,1253,1294,"R K Puram, Delhi - DPCC-3379481"
50,1254,1250,1267,1268,1257,"Punjabi Bagh, Delhi - DPCC-3379482"
235,1352,1352,1351,1308,1333,"Anand Vihar, New Delhi - DPCC-3379575"
301,725,1056,887,1026,0,"Vikas Sadan, Gurugram - HSPCB-5945694"
5404,1220,1209,1231,1172,0,"Pusa, Delhi - IMD-3379470"
5541,1348,1320,1313,1356,0,"Burari Crossing, New Delhi - IMD-3379467"
5570,1343,1348,1339,1340,0,"Aya Nagar, New Delhi - IMD-3379471"
5586,1363,1348,1383,1368,1387,"Sirifort, Delhi - CPCB-3379479"
5598,1286,1296,1342,1318,1304,"Sector - 125, Noida, UP - UPPCB-3379526"
5610,1356,1354,1334,1310,0,"North Campus, DU, Delhi - IMD-3379468"
5613,1352,1343,1364,1368,0,"ITO, New Delhi - CPCB-3379477"
5616,1378,1340,1341,1369,0,"Sector - 62, Noida, UP - IMD-3379473"
5622,1368,1373,1377,1356,1301,"NSIT Dwarka, Delhi - CPCB-3379476"
5626,1348,1338,1379,1380,1380,"DTU, New Delhi - CPCB-3379478"
5627,1367,1316,1282,1347,0,"CRRI Mathura Road, New Delhi - IMD-3379466"
5630,1367,1368,1368,1367,818,"Shadipur, Delhi - CPCB-3379474"
5634,1365,1348,1357,1368,0,"Lodhi Road, New Delhi - IMD-3379472"
5650,1357,1359,1363,224,0,"IGI Airport (T3), Delhi - IMD-3379469"
5665,1230,1209,1232,1218,1215,"Vasundhara, Ghaziabad - UPPCB-3379523"
6356,1349,1344,1316,1283,1181,"Pusa, Delhi - DPCC-3379541"
6358,1315,1293,1300,1286,1205,"Mandir Marg, New Delhi - DPCC-3379480"
6359,1270,1252,1264,1246,1260,"IHBAS, Dilshad Garden,New Delhi - CPCB-3379475"
6924,1267,1222,1283,1238,1249,"Indirapuram, Ghaziabad - UPPCB-3379596"
6929,1368,1372,1380,1332,1343,"Major Dhyan Chand National Stadium, Delhi - DPCC-3379510"
6931,1352,1348,1346,1332,1334,"Dwarka-Sector 8, Delhi - DPCC -3379507"
6932,1353,1294,1368,1354,1321,"Alipur, Delhi - DPCC-3379585"
6934,1379,1370,1376,1351,1342,"Dr. Karni Singh Shooting Range, Delhi - DPCC-3379506"
6936,1051,820,1342,1338,0,"Arya Nagar, Bahadurgarh - HSPCB-5911905"
6938,1357,1355,1347,1277,1335,"Vivek Vihar, Delhi - DPCC-3379520"
6953,1191,1047,1212,1213,916,"Sector-2 IMT, Manesar - HSPCB-5933785"
6957,1382,1374,1379,1324,1280,"Jawaharlal Nehru Stadium, Delhi - DPCC-3379509"
6960,1370,1364,1325,1288,1358,"Patparganj, Delhi - DPCC-3379516"
6980,1314,1335,1221,1331,1330,"Sector-1, Noida - UPPCB-3379617"
6988,1317,1226,1305,1247,1293,"Sector-116, Noida - UPPCB-3379616"
7005,1258,1233,1276,1263,1268,"Loni, Ghaziabad - UPPCB-3379597"
8118,0,0,0,0,0,New Delhi-8118
8235,1313,1307,1364,1350,1352,"Jahangirpuri, Delhi - DPCC-3379508"
8239,1299,1305,1326,1278,1332,"Okhla Phase-2, Delhi - DPCC-3379513"
8365,1353,1364,1370,1270,1366,"Nehru Nagar, Delhi - DPCC-3379514"
8472,1385,1383,1368,1356,1375,"Bawana, Delhi - DPCC-3379538"
8475,1364,1364,1359,1318,1258,"Sonia Vihar, Delhi - DPCC-3379517"
8915,1362,1370,1369,1321,1243,"Wazirpur, Delhi - DPCC-3379519"
8917,1375,1370,1338,1327,1280,"Ashok Vihar, Delhi - DPCC-3379505"
10484,1324,1319,1316,1324,849,"Sri Aurobindo Marg, Delhi - DPCC-3379540"
10485,1361,1358,1359,1327,1348,"Narela, Delhi - DPCC-3379511"
10486,1356,1356,1361,1352,1364,"Mundka, Delhi - DPCC-3379539"
10488,1348,1291,1345,1342,1099,"Najafgarh, Delhi - DPCC-3379512"
10820,63,30,75,139,0,"Sector 30, Faridabad - HSPCB-3379650"
10831,1347,1327,1387,1387,1344,"Rohini, Delhi - DPCC-3379515"
10908,1010,1013,863,1024,32,"Sector 11, Faridabad - HSPCB-3379651"
10921,1276,1244,1290,1319,0,"NISE Gwal Pahari, Gurugram - IMD-3379586"
11607,1178,1190,1179,0,959,"Lodhi Road, Delhi - IITM-3379667"
