id,hour_ist,pm10,pm25,no2,co,relativehumidity
17,0,0.047,0.241,0.294,-0.031,-0.260
17,1,0.056,0.256,0.176,-0.057,-0.839
17,2,0.030,0.170,0.221,-0.110,-1.164
17,3,0.014,0.164,0.204,-0.149,-1.211
17,4,0.006,0.168,0.274,-0.141,-1.154
17,5,0.042,0.182,0.317,-0.098,-1.497
17,6,0.028,0.190,0.281,-0.006,-1.431
17,7,0.111,0.314,0.304,0.151,-1.337
17,8,0.147,0.338,0.414,0.102,0.068
17,9,0.099,0.222,0.202,-0.062,0.648
17,10,0.049,0.085,0.061,0.005,2.049
17,11,0.048,0.055,-0.102,-0.088,1.396
17,12,0.070,0.079,-0.121,0.037,1.725
17,13,0.060,0.088,-0.273,0.178,2.625
17,14,-0.016,0.066,-0.296,0.236,3.500
17,15,-0.031,0.070,-0.113,0.224,3.008
17,16,-0.021,0.093,0.104,0.296,0.884
17,17,0.043,0.178,0.290,0.542,-0.564
17,18,0.196,0.380,0.295,0.742,-2.089
17,19,0.206,0.530,0.282,0.599,-2.835
17,20,0.239,0.600,0.304,0.511,-2.889
17,21,0.170,0.526,0.343,0.380,-2.651
17,22,0.143,0.416,0.327,0.287,-3.142
17,23,0.013,0.323,0.363,0.073,-0.909
50,0,0.188,0.237,-0.414,-0.457,-23.663
50,1,0.197,0.230,-0.314,-0.389,-21.051
50,2,0.150,0.225,-0.327,-0.322,-21.844
50,3,0.148,0.208,-0.310,-0.408,-15.485
50,4,0.200,0.220,-0.297,-0.308,-23.361
50,5,0.207,0.256,-0.326,-0.306,-15.603
50,6,0.266,0.294,-0.235,-0.254,20.673
50,7,0.213,0.322,-0.312,-0.302,4.492
50,8,0.194,0.219,-0.432,-0.294,-2.924
50,9,0.168,0.218,-0.386,-0.342,-16.020
50,10,0.055,0.092,-0.320,-0.189,-21.579
50,11,0.092,0.076,-0.346,-0.075,-25.741
50,12,0.059,0.077,-0.386,0.099,-26.787
50,13,-0.017,0.047,-0.401,0.110,-26.510
50,14,0.001,0.043,-0.452,0.082,-26.288
50,15,0.013,0.034,-0.470,0.184,-26.278
50,16,-0.056,-0.035,-0.564,0.008,-24.442
50,17,-0.131,-0.104,-0.548,-0.266,-21.468
50,18,-0.067,-0.059,-0.560,-0.186,-21.945
50,19,0.116,0.052,-0.497,-0.224,-15.460
50,20,0.206,0.177,-0.494,-0.188,-19.972
50,21,0.220,0.280,-0.439,-0.184,-15.979
50,22,0.227,0.310,-0.408,-0.194,-21.297
50,23,0.220,0.280,-0.373,-0.125,-23.115
235,0,0.306,0.205,0.150,0.473,-6.500
235,1,0.293,0.213,0.095,0.529,-6.000
235,2,0.281,0.232,0.291,0.637,-5.461
235,3,0.251,0.236,0.276,0.631,-5.125
235,4,0.253,0.209,0.253,0.677,-4.856
235,5,0.294,0.226,0.206,0.689,-4.500
235,6,0.283,0.200,0.249,0.716,-5.000
235,7,0.212,0.219,0.278,0.662,-1.938
235,8,0.261,0.161,0.095,0.571,1.500
235,9,0.246,0.158,0.237,0.563,2.500
235,10,0.160,0.146,0.381,0.580,2.250
235,11,0.098,0.080,0.460,0.550,2.125
235,12,0.085,0.053,0.426,0.524,1.333
235,13,0.094,0.052,0.584,0.389,1.500
235,14,0.094,0.059,0.544,0.298,1.500
235,15,0.072,0.045,0.615,0.195,0.833
235,16,0.146,0.018,0.490,0.223,-0.250
235,17,0.212,0.030,0.414,0.148,-4.500
235,18,0.263,0.065,0.280,0.044,-6.510
235,19,0.265,0.067,0.163,0.046,-5.500
235,20,0.246,0.028,0.139,0.122,-7.000
235,21,0.267,0.087,0.082,0.231,-8.104
235,22,0.294,0.153,0.132,0.378,-7.867
235,23,0.292,0.115,0.119,0.396,-7.333
5404,0,,,,,
5404,1,-0.079,-0.049,-0.077,0.167,
5404,2,-0.077,-0.098,-0.029,0.173,
5404,3,-0.072,-0.039,-0.077,0.138,
5404,4,-0.119,-0.097,-0.121,0.117,
5404,5,-0.127,-0.077,-0.139,0.098,
5404,6,-0.168,-0.105,-0.173,0.043,
5404,7,-0.213,-0.137,-0.180,0.005,
5404,8,-0.246,-0.088,-0.136,0.077,
5404,9,-0.154,-0.156,-0.013,-0.001,
5404,10,-0.040,-0.044,-0.182,-0.032,
5404,11,-0.005,0.001,-0.414,-0.015,
5404,12,-0.022,0.030,-0.548,-0.242,
5404,13,-0.032,0.009,-0.615,-0.333,
5404,14,-0.048,0.004,-0.794,-0.556,
5404,15,-0.080,0.031,-0.858,-0.647,
5404,16,-0.152,0.027,-0.844,-0.711,
5404,17,-0.299,0.011,-0.137,-0.521,
5404,18,-0.267,0.044,0.201,0.021,
5404,19,-0.180,0.064,0.141,0.078,
5404,20,-0.160,0.032,0.112,0.137,
5404,21,-0.161,0.004,0.096,0.159,
5404,22,-0.112,0.053,0.027,0.161,
5404,23,-0.083,0.041,-0.035,0.146,
5541,0,-0.159,-0.147,-0.914,-0.194,
5541,1,-0.120,-0.123,-0.969,-0.167,
5541,2,-0.118,-0.118,-0.842,-0.168,
5541,3,-0.147,-0.118,-0.937,-0.090,
5541,4,-0.136,-0.080,-0.994,-0.206,
5541,5,-0.146,-0.121,-0.893,-0.185,
5541,6,-0.128,-0.100,-0.934,-0.072,
5541,7,-0.110,-0.081,-0.907,-0.063,
5541,8,-0.157,-0.151,-0.670,-0.206,
5541,9,-0.206,-0.155,-0.551,-0.208,
5541,10,-0.245,-0.260,-0.331,-0.331,
5541,11,-0.262,-0.243,-0.313,-0.376,
5541,12,-0.258,-0.258,-0.174,-0.491,
5541,13,-0.267,-0.199,-0.276,-0.484,
5541,14,-0.220,-0.129,-0.241,-0.484,
5541,15,-0.210,-0.060,-0.212,-0.436,
5541,16,-0.149,0.066,-0.327,-0.469,
5541,17,-0.093,0.139,-0.367,-0.416,
5541,18,-0.097,0.169,-0.468,-0.385,
5541,19,-0.130,0.102,-0.491,-0.302,
5541,20,-0.121,0.072,-0.848,-0.253,
5541,21,-0.132,-0.065,-0.995,-0.238,
5541,22,-0.152,-0.091,-1.032,-0.187,
5541,23,-0.165,-0.097,-0.996,-0.233,
5570,0,0.253,0.109,0.595,-0.256,
5570,1,0.288,0.046,0.714,-0.277,
5570,2,0.314,0.062,0.709,-0.214,
5570,3,0.313,0.093,0.581,-0.248,
5570,4,0.267,0.123,0.325,-0.346,
5570,5,0.289,0.104,0.385,-0.370,
5570,6,0.300,0.056,0.573,-0.412,
5570,7,0.246,0.082,0.509,-0.351,
5570,8,0.228,0.040,0.165,-0.367,
5570,9,0.235,0.018,-0.080,-0.431,
5570,10,0.174,-0.045,-0.252,-0.454,
5570,11,0.145,-0.098,-0.228,-0.389,
5570,12,0.138,-0.048,-0.139,-0.372,
5570,13,0.049,0.014,-0.145,-0.476,
5570,14,0.028,0.051,-0.113,-0.529,
5570,15,0.053,0.018,-0.124,-0.334,
5570,16,0.029,0.037,-0.053,-0.358,
5570,17,0.127,0.091,0.083,-0.302,
5570,18,0.176,0.193,0.523,-0.309,
5570,19,0.276,0.219,0.689,-0.174,
5570,20,0.355,0.166,0.603,-0.197,
5570,21,0.306,0.106,0.651,-0.289,
5570,22,0.291,0.051,0.531,-0.304,
5570,23,0.265,0.006,0.721,-0.310,
5586,0,0.027,-0.032,-0.324,0.013,5.640
5586,1,0.033,-0.013,-0.188,0.049,4.817
5586,2,0.023,0.013,-0.138,0.042,4.819
5586,3,0.053,0.028,-0.132,0.001,4.200
5586,4,0.054,0.029,-0.144,-0.024,3.748
5586,5,0.026,0.054,-0.139,-0.074,3.903
5586,6,0.017,0.050,-0.126,-0.119,2.850
5586,7,0.030,0.043,-0.257,-0.215,1.220
5586,8,0.053,0.009,-0.484,-0.223,3.023
5586,9,0.025,0.031,-0.374,-0.253,7.504
5586,10,0.014,0.046,-0.264,-0.177,10.299
5586,11,0.046,0.062,0.022,-0.181,11.224
5586,12,0.065,0.054,0.260,-0.258,10.036
5586,13,0.085,0.087,0.494,-0.421,9.420
5586,14,0.097,0.072,0.523,-0.495,9.760
5586,15,0.107,0.114,0.423,-0.514,8.611
5586,16,0.136,0.108,0.037,-0.616,10.315
5586,17,0.264,0.094,-0.471,-0.635,10.312
5586,18,0.293,-0.037,-0.750,-0.611,6.190
5586,19,0.185,-0.129,-0.733,-0.521,5.081
5586,20,0.150,-0.172,-0.690,-0.406,5.368
5586,21,0.127,-0.106,-0.634,-0.282,4.736
5586,22,0.088,-0.071,-0.529,-0.217,4.570
5586,23,0.049,-0.052,-0.426,-0.099,4.937
5598,0,0.011,0.113,-0.142,-0.172,11.000
5598,1,0.022,0.113,-0.137,-0.097,10.875
5598,2,0.013,0.020,-0.162,-0.073,11.125
5598,3,0.041,0.019,-0.210,-0.097,11.125
5598,4,0.014,0.054,-0.131,-0.059,10.000
5598,5,0.009,0.018,-0.160,-0.134,8.625
5598,6,0.043,0.046,-0.109,-0.086,8.500
5598,7,0.031,0.060,-0.095,-0.002,11.250
5598,8,0.111,0.057,0.086,-0.074,14.000
5598,9,0.018,0.037,0.077,-0.174,11.125
5598,10,-0.039,-0.016,0.006,-0.208,9.000
5598,11,-0.053,-0.001,-0.241,-0.309,7.250
5598,12,-0.043,-0.021,-0.318,-0.026,6.250
5598,13,-0.055,-0.013,-0.288,0.038,5.750
5598,14,-0.072,0.027,-0.367,-0.036,6.750
5598,15,-0.041,0.036,-0.340,-0.160,6.750
5598,16,-0.046,0.060,-0.214,-0.137,6.500
5598,17,0.000,0.118,-0.158,-0.114,5.958
5598,18,0.126,0.162,-0.086,-0.145,9.000
5598,19,0.341,0.196,-0.116,-0.129,8.750
5598,20,0.216,0.207,-0.170,-0.143,9.750
5598,21,0.179,0.154,-0.182,-0.073,11.000
5598,22,0.163,0.148,-0.160,-0.111,11.250
5598,23,0.114,0.133,-0.061,-0.073,11.167
5610,0,-0.110,0.132,0.174,0.735,
5610,1,-0.006,0.104,0.122,0.356,
5610,2,0.033,0.149,0.037,0.267,
5610,3,0.065,0.090,-0.008,0.233,
5610,4,0.105,0.087,-0.005,0.164,
5610,5,0.131,0.049,0.174,0.159,
5610,6,0.075,0.057,0.101,0.230,
5610,7,0.092,0.105,0.091,0.319,
5610,8,0.148,0.108,0.206,0.261,
5610,9,0.084,0.056,0.241,0.142,
5610,10,-0.023,0.023,0.375,0.081,
5610,11,-0.065,0.037,0.228,-0.212,
5610,12,-0.103,-0.043,0.041,-0.336,
5610,13,-0.087,-0.030,-0.035,-0.625,
5610,14,-0.061,-0.058,0.056,-0.561,
5610,15,-0.103,-0.124,0.136,-0.542,
5610,16,-0.149,-0.127,0.387,-0.328,
5610,17,-0.141,-0.084,0.667,0.072,
5610,18,-0.157,-0.122,0.540,0.325,
5610,19,-0.161,-0.096,0.322,0.354,
5610,20,-0.098,-0.019,0.281,0.404,
5610,21,-0.064,0.034,0.268,0.418,
5610,22,-0.065,0.058,0.290,0.386,
5610,23,-0.081,0.017,0.223,0.452,
5613,0,0.070,0.253,0.879,0.107,
5613,1,0.062,0.201,0.998,0.085,
5613,2,0.011,0.243,0.906,0.048,
5613,3,0.019,0.208,0.987,0.096,
5613,4,0.048,0.196,0.921,0.196,
5613,5,0.068,0.225,1.010,0.264,
5613,6,0.056,0.212,1.082,0.221,
5613,7,0.124,0.278,0.932,0.162,
5613,8,0.085,0.319,0.473,0.155,
5613,9,0.007,0.217,0.277,0.132,
5613,10,-0.053,0.200,0.187,0.033,
5613,11,-0.106,0.122,0.226,0.097,
5613,12,-0.142,0.126,0.345,0.232,
5613,13,-0.221,0.059,0.562,0.240,
5613,14,-0.246,0.035,0.638,0.241,
5613,15,-0.184,0.115,0.485,0.270,
5613,16,-0.173,0.147,0.575,0.398,
5613,17,-0.115,0.163,0.455,0.559,
5613,18,0.058,0.274,0.379,0.553,
5613,19,0.105,0.388,0.532,0.531,
5613,20,0.143,0.400,0.662,0.354,
5613,21,0.130,0.381,0.765,0.329,
5613,22,0.120,0.317,0.758,0.310,
5613,23,0.084,0.267,0.855,0.282,
5616,0,-0.345,-0.275,-1.304,-1.016,
5616,1,-0.339,-0.259,-1.278,-0.904,
5616,2,-0.281,-0.215,-1.285,-0.771,
5616,3,-0.268,-0.226,-1.240,-0.725,
5616,4,-0.202,-0.216,-1.255,-0.671,
5616,5,-0.229,-0.220,-1.235,-0.740,
5616,6,-0.255,-0.274,-1.309,-0.765,
5616,7,-0.277,-0.276,-1.309,-0.827,
5616,8,-0.340,-0.253,-1.113,-0.779,
5616,9,-0.322,-0.210,-0.881,-0.732,
5616,10,-0.306,-0.161,-0.735,-0.592,
5616,11,-0.383,-0.128,-0.601,-0.512,
5616,12,-0.332,-0.127,-0.697,-0.404,
5616,13,-0.283,-0.144,-0.645,-0.535,
5616,14,-0.229,-0.149,-0.628,-0.711,
5616,15,-0.200,-0.139,-0.650,-0.760,
5616,16,-0.221,-0.187,-0.840,-1.020,
5616,17,-0.270,-0.183,-1.090,-1.324,
5616,18,-0.303,-0.289,-1.174,-1.456,
5616,19,-0.283,-0.278,-1.202,-1.563,
5616,20,-0.330,-0.333,-1.265,-1.454,
5616,21,-0.341,-0.319,-1.277,-1.460,
5616,22,-0.384,-0.329,-1.294,-1.330,
5616,23,-0.407,-0.317,-1.331,-1.245,
5622,0,-0.291,-0.681,-0.328,-0.933,5.400
5622,1,-0.280,-0.652,-0.352,-0.880,6.642
5622,2,-0.281,-0.555,-0.386,-0.928,7.388
5622,3,-0.296,-0.544,-0.374,-0.877,7.271
5622,4,-0.321,-0.649,-0.332,-0.648,7.825
5622,5,-0.312,-0.523,-0.319,-0.583,5.638
5622,6,-0.388,-0.620,-0.210,-0.508,5.675
5622,7,-0.347,-0.673,-0.248,-0.468,-2.400
5622,8,-0.346,-0.552,-0.290,-0.424,-9.762
5622,9,-0.343,-0.390,-0.295,-0.333,-11.163
5622,10,-0.364,-0.332,-0.341,-0.516,-7.300
5622,11,-0.342,-0.426,-0.284,-0.284,-5.500
5622,12,-0.240,-0.293,-0.192,-0.235,-6.488
5622,13,-0.155,-0.324,-0.225,-0.161,-8.650
5622,14,-0.031,-0.319,-0.216,-0.086,-9.263
5622,15,-0.008,-0.335,-0.263,-0.019,-8.688
5622,16,-0.065,-0.266,-0.358,-0.150,-5.483
5622,17,-0.064,-0.228,-0.484,-0.264,-0.025
5622,18,-0.072,-0.364,-0.428,-0.419,-0.725
5622,19,-0.198,-0.398,-0.476,-0.483,-2.150
5622,20,-0.326,-0.467,-0.410,-0.330,-0.275
5622,21,-0.366,-0.536,-0.396,-0.331,1.050
5622,22,-0.425,-0.531,-0.345,-0.358,-0.217
5622,23,-0.401,-0.543,-0.346,-0.224,0.850
5626,0,-0.283,-0.772,-0.243,-0.211,8.990
5626,1,-0.288,-0.818,-0.146,-0.162,7.843
5626,2,-0.279,-0.834,-0.153,-0.141,8.047
5626,3,-0.266,-0.789,-0.052,-0.124,8.367
5626,4,-0.245,-0.866,0.027,-0.112,7.940
5626,5,-0.237,-0.860,0.035,-0.108,8.522
5626,6,-0.249,-0.862,-0.021,-0.133,8.284
5626,7,-0.264,-0.836,-0.023,-0.160,5.627
5626,8,-0.254,-0.804,-0.137,-0.173,5.370
5626,9,-0.247,-0.735,-0.001,-0.081,8.455
5626,10,-0.251,-0.710,0.119,-0.029,10.424
5626,11,-0.287,-0.624,0.326,-0.016,10.487
5626,12,-0.306,-0.430,0.583,-0.137,9.684
5626,13,-0.274,-0.443,0.700,-0.138,9.660
5626,14,-0.245,-0.417,0.640,-0.157,9.590
5626,15,-0.288,-0.510,0.537,-0.361,12.430
5626,16,-0.329,-0.542,0.124,-0.569,15.432
5626,17,-0.396,-0.511,-0.342,-0.910,13.767
5626,18,-0.410,-0.647,-0.528,-1.062,11.920
5626,19,-0.414,-0.715,-0.510,-1.009,10.860
5626,20,-0.314,-0.727,-0.521,-0.909,10.332
5626,21,-0.284,-0.766,-0.480,-0.771,10.010
5626,22,-0.312,-0.756,-0.382,-0.603,9.811
5626,23,-0.304,-0.768,-0.294,-0.456,9.048
5627,0,0.155,-0.063,-1.248,0.010,
5627,1,0.115,-0.051,-1.237,0.047,
5627,2,0.123,-0.015,-1.155,0.015,
5627,3,0.117,0.036,-1.167,0.028,
5627,4,0.108,-0.028,-1.309,0.003,
5627,5,0.097,-0.021,-1.213,-0.007,
5627,6,0.078,-0.040,-1.182,-0.031,
5627,7,0.082,-0.031,-1.143,-0.065,
5627,8,0.004,-0.092,-1.195,-0.018,
5627,9,-0.040,-0.151,-0.858,-0.008,
5627,10,-0.070,-0.131,-0.404,-0.088,
5627,11,-0.088,-0.228,-0.004,-0.232,
5627,12,-0.056,-0.122,0.146,-0.274,
5627,13,-0.027,-0.101,0.149,-0.409,
5627,14,-0.038,-0.130,0.202,-0.396,
5627,15,-0.023,-0.097,0.019,-0.367,
5627,16,0.031,-0.022,-0.170,-0.207,
5627,17,0.111,0.019,-0.521,-0.061,
5627,18,0.045,-0.034,-0.934,-0.013,
5627,19,-0.025,-0.055,-1.083,-0.125,
5627,20,-0.017,-0.074,-1.197,-0.132,
5627,21,0.001,-0.077,-1.323,-0.142,
5627,22,0.001,-0.103,-1.338,-0.104,
5627,23,0.029,-0.091,-1.352,-0.086,
5630,0,0.022,-0.420,0.713,-0.331,24.595
5630,1,0.007,-0.413,0.638,-0.013,22.748
5630,2,-0.050,-0.423,0.659,0.023,20.858
5630,3,-0.061,-0.416,0.717,-0.001,1.894
5630,4,-0.031,-0.429,0.727,0.080,22.440
5630,5,-0.097,-0.456,0.672,0.004,14.707
5630,6,-0.105,-0.393,0.658,-0.084,-63.695
5630,7,-0.026,-0.447,0.528,0.078,-28.093
5630,8,-0.110,-0.415,0.323,-0.001,4.960
5630,9,-0.177,-0.528,0.076,-0.133,37.286
5630,10,-0.201,-0.624,0.101,-0.132,47.432
5630,11,-0.194,-0.412,0.129,-0.164,52.348
5630,12,-0.144,-0.322,0.243,-0.156,54.325
5630,13,-0.010,-0.200,0.379,-0.065,53.020
5630,14,-0.027,-0.130,0.465,-0.072,51.577
5630,15,0.008,-0.025,0.315,-0.035,51.605
5630,16,0.103,0.103,0.112,0.055,49.617
5630,17,0.202,0.064,0.029,-0.010,40.814
5630,18,0.267,0.108,0.099,-0.038,33.532
5630,19,0.265,0.005,0.203,0.126,27.200
5630,20,0.232,-0.121,0.344,0.095,21.188
5630,21,0.163,-0.290,0.412,-0.009,19.088
5630,22,0.155,-0.381,0.487,-0.084,21.727
5630,23,0.117,-0.386,0.507,-0.076,21.360
5634,0,-0.200,-0.193,-1.214,-0.242,
5634,1,-0.167,-0.130,-1.211,-0.195,
5634,2,-0.122,-0.096,-1.173,-0.256,
5634,3,-0.148,-0.108,-1.150,-0.144,
5634,4,-0.135,-0.099,-1.171,-0.103,
5634,5,-0.140,-0.113,-1.224,-0.104,
5634,6,-0.152,-0.127,-1.238,-0.058,
5634,7,-0.180,-0.179,-1.133,-0.192,
5634,8,-0.102,-0.168,-0.852,-0.131,
5634,9,-0.038,-0.062,-0.712,-0.094,
5634,10,-0.032,-0.069,-0.737,-0.056,
5634,11,-0.019,-0.067,-0.708,-0.141,
5634,12,-0.005,-0.017,-0.616,-0.140,
5634,13,0.051,0.081,-0.649,-0.083,
5634,14,0.029,0.072,-0.713,-0.228,
5634,15,0.042,0.079,-0.721,-0.197,
5634,16,0.014,0.085,-0.743,-0.174,
5634,17,-0.104,0.047,-0.780,-0.207,
5634,18,-0.232,-0.084,-0.934,-0.411,
5634,19,-0.304,-0.190,-1.060,-0.500,
5634,20,-0.310,-0.208,-1.139,-0.636,
5634,21,-0.290,-0.200,-1.203,-0.627,
5634,22,-0.242,-0.196,-1.162,-0.582,
5634,23,-0.234,-0.207,-1.260,-0.569,
5650,0,0.236,-0.171,0.937,0.288,
5650,1,0.220,-0.159,1.023,0.527,
5650,2,0.301,-0.153,0.991,0.553,
5650,3,0.299,-0.120,0.910,0.437,
5650,4,0.302,-0.128,0.916,0.291,
5650,5,0.230,-0.185,0.984,0.028,
5650,6,0.151,-0.248,0.905,0.093,
5650,7,0.081,-0.275,0.848,-0.026,
5650,8,-0.075,-0.394,0.617,-0.110,
5650,9,-0.131,-0.386,0.539,-0.328,
5650,10,-0.113,-0.337,0.686,-0.324,
5650,11,-0.130,-0.346,0.783,-0.453,
5650,12,-0.110,-0.278,0.717,-0.617,
5650,13,-0.157,-0.181,0.816,-0.704,
5650,14,-0.099,-0.215,0.656,-0.524,
5650,15,-0.085,-0.166,0.609,-0.987,
5650,16,-0.129,-0.173,0.470,-0.904,
5650,17,-0.195,-0.242,0.286,-0.893,
5650,18,-0.244,-0.295,0.546,-0.448,
5650,19,-0.111,-0.298,0.665,-0.444,
5650,20,0.036,-0.263,0.760,-0.501,
5650,21,0.145,-0.219,0.792,-0.328,
5650,22,0.213,-0.238,0.855,-0.029,
5650,23,0.242,-0.259,0.951,0.212,
5665,0,0.050,0.049,0.279,0.061,9.750
5665,1,0.096,0.030,0.034,0.104,8.750
5665,2,0.078,0.039,-0.073,0.161,8.250
5665,3,0.080,0.045,-0.024,0.155,7.625
5665,4,0.068,0.018,0.059,0.118,7.833
5665,5,0.100,0.039,0.009,0.086,7.750
5665,6,0.113,0.028,-0.033,0.112,8.229
5665,7,0.131,0.072,-0.134,0.141,10.125
5665,8,0.127,0.046,-0.127,0.102,12.875
5665,9,0.085,0.051,-0.122,0.063,14.875
5665,10,0.073,0.012,-0.139,-0.068,14.750
5665,11,0.062,-0.007,-0.090,-0.134,14.333
5665,12,0.094,0.020,0.029,-0.125,13.333
5665,13,0.093,-0.005,0.145,-0.391,13.417
5665,14,0.096,-0.009,0.141,-0.294,12.417
5665,15,0.080,0.046,0.242,-0.332,12.125
5665,16,0.131,0.054,0.178,-0.168,12.000
5665,17,0.189,0.125,0.406,0.138,11.250
5665,18,0.247,0.135,0.388,0.270,9.500
5665,19,0.252,0.167,0.320,0.316,9.500
5665,20,0.191,0.117,0.288,0.341,8.667
5665,21,0.139,0.062,0.092,0.313,8.250
5665,22,0.088,0.042,0.113,0.102,8.000
5665,23,0.058,-0.002,-0.028,0.027,8.000
6356,0,-0.165,-0.114,-0.008,-0.229,-2.000
6356,1,-0.127,-0.102,-0.044,-0.148,-1.812
6356,2,-0.110,-0.106,0.000,-0.071,-2.208
6356,3,-0.069,-0.050,-0.083,-0.143,-0.688
6356,4,-0.088,-0.024,-0.014,-0.046,-2.750
6356,5,-0.118,-0.011,-0.054,0.087,-3.000
6356,6,-0.093,0.016,-0.047,0.168,0.750
6356,7,-0.101,0.000,0.036,0.102,-1.500
6356,8,-0.016,0.031,0.415,0.090,-5.750
6356,9,0.149,0.134,0.640,0.358,-14.458
6356,10,0.278,0.157,0.656,0.388,-10.500
6356,11,0.243,0.172,0.774,0.465,-8.167
6356,12,0.245,0.157,0.922,0.481,-6.312
6356,13,0.200,0.104,0.893,0.545,-6.458
6356,14,0.207,0.085,1.078,0.531,-6.500
6356,15,0.264,0.129,1.091,0.629,-6.771
6356,16,0.357,0.150,1.101,0.673,-10.250
6356,17,0.511,0.242,0.612,0.516,-15.312
6356,18,0.459,0.245,0.299,-0.022,-11.000
6356,19,0.079,0.078,0.167,-0.350,-6.500
6356,20,-0.160,-0.058,-0.038,-0.361,-3.333
6356,21,-0.253,-0.156,-0.073,-0.319,-0.688
6356,22,-0.295,-0.141,-0.096,-0.287,-0.688
6356,23,-0.205,-0.165,-0.167,-0.208,-2.000
6358,0,-0.139,-0.069,-0.867,-0.119,
6358,1,-0.125,-0.101,-0.885,-0.129,
6358,2,-0.116,-0.081,-0.794,-0.024,
6358,3,-0.097,-0.077,-0.781,-0.102,
6358,4,-0.120,-0.115,-0.726,-0.081,
6358,5,-0.163,-0.126,-0.846,-0.144,
6358,6,-0.187,-0.144,-0.773,-0.189,
6358,7,-0.218,-0.175,-0.810,-0.206,
6358,8,-0.227,-0.208,-0.826,-0.099,
6358,9,-0.114,-0.130,-0.417,-0.058,
6358,10,-0.034,-0.075,-0.325,0.046,
6358,11,0.041,0.005,-0.157,0.038,
6358,12,0.063,-0.058,-0.065,-0.089,
6358,13,0.045,-0.023,-0.172,-0.067,
6358,14,0.072,-0.035,-0.277,-0.058,
6358,15,-0.003,-0.074,-0.325,-0.049,
6358,16,-0.085,-0.113,-0.812,-0.057,
6358,17,-0.206,-0.185,-1.200,-0.437,
6358,18,-0.320,-0.217,-1.272,-0.503,
6358,19,-0.380,-0.238,-1.200,-0.618,
6358,20,-0.362,-0.228,-1.133,-0.448,
6358,21,-0.249,-0.190,-1.160,-0.417,
6358,22,-0.202,-0.088,-1.012,-0.454,
6358,23,-0.177,-0.039,-1.006,-0.424,
6359,0,-0.321,-0.495,-0.143,-0.586,1.975
6359,1,-0.290,-0.418,-0.106,-0.684,2.773
6359,2,-0.232,-0.382,-0.044,-0.523,1.786
6359,3,-0.296,-0.385,0.009,-0.574,2.477
6359,4,-0.237,-0.370,0.074,-0.586,-0.123
6359,5,-0.297,-0.496,0.038,-0.573,0.540
6359,6,-0.272,-0.479,0.049,-0.502,0.754
6359,7,-0.276,-0.530,-0.122,-0.449,-3.505
6359,8,-0.341,-0.507,-0.270,-0.385,-10.259
6359,9,-0.314,-0.369,0.026,-0.297,-9.213
6359,10,-0.227,-0.273,0.179,-0.228,-8.482
6359,11,-0.168,-0.160,0.230,-0.117,-9.337
6359,12,-0.119,-0.007,0.364,0.017,-9.947
6359,13,-0.098,-0.040,0.484,0.094,-11.198
6359,14,-0.082,0.026,0.433,0.107,-12.013
6359,15,-0.038,0.020,0.401,0.178,-12.727
6359,16,-0.118,0.049,0.223,-0.002,-8.442
6359,17,-0.212,-0.027,-0.156,-0.124,-1.228
6359,18,-0.383,-0.111,-0.707,-0.425,-0.948
6359,19,-0.523,-0.323,-0.670,-0.614,-2.723
6359,20,-0.546,-0.333,-0.366,-0.831,0.327
6359,21,-0.493,-0.470,-0.301,-0.946,1.520
6359,22,-0.438,-0.392,-0.194,-1.036,1.975
6359,23,-0.389,-0.597,-0.570,-0.980,3.407
6924,0,-0.011,-0.238,0.152,0.081,4.000
6924,1,-0.022,-0.228,0.096,0.031,4.250
6924,2,0.002,-0.261,-0.098,-0.231,4.500
6924,3,-0.043,-0.335,-0.039,-0.309,3.500
6924,4,-0.069,-0.366,-0.003,-0.416,3.750
6924,5,-0.092,-0.451,0.058,-0.388,3.375
6924,6,-0.093,-0.407,0.224,-0.319,4.250
6924,7,-0.027,-0.319,0.185,-0.153,3.375
6924,8,0.070,-0.199,0.125,-0.080,-0.750
6924,9,0.049,-0.214,0.024,-0.182,-2.000
6924,10,-0.004,-0.229,-0.038,-0.242,-2.250
6924,11,-0.007,-0.214,-0.078,-0.347,-2.000
6924,12,-0.013,-0.170,-0.018,-0.117,-1.208
6924,13,-0.012,-0.144,-0.062,0.083,-1.125
6924,14,0.015,-0.160,-0.119,0.045,-0.875
6924,15,0.022,-0.127,-0.089,0.098,-0.042
6924,16,0.017,-0.141,0.163,0.168,1.750
6924,17,-0.011,-0.094,-0.078,0.295,3.875
6924,18,0.001,0.043,-0.141,0.456,4.500
6924,19,0.001,0.051,0.091,0.346,4.875
6924,20,0.082,0.058,0.093,0.316,4.000
6924,21,0.065,0.060,0.047,0.202,4.333
6924,22,0.069,-0.011,0.120,0.232,4.208
6924,23,0.064,-0.069,0.177,0.196,4.667
6929,0,0.144,-0.003,0.382,0.034,
6929,1,0.182,0.113,0.505,-0.059,
6929,2,0.152,0.026,0.535,-0.096,
6929,3,0.137,0.054,0.513,-0.176,
6929,4,0.122,0.068,0.596,-0.290,
6929,5,0.142,0.074,0.651,-0.297,
6929,6,0.146,0.089,0.554,-0.114,
6929,7,0.136,0.130,0.614,-0.034,
6929,8,0.117,0.137,0.498,-0.091,
6929,9,0.116,0.034,0.438,-0.021,
6929,10,0.104,0.051,0.334,-0.025,
6929,11,0.093,0.035,0.121,-0.011,
6929,12,0.058,-0.018,0.091,-0.073,
6929,13,0.045,-0.079,-0.123,-0.112,
6929,14,-0.004,-0.118,-0.310,-0.133,
6929,15,0.030,-0.115,-0.013,-0.089,
6929,16,0.044,-0.090,-0.114,-0.215,
6929,17,0.123,-0.074,0.492,-0.230,
6929,18,0.177,-0.012,0.460,-0.018,
6929,19,0.189,0.064,0.462,0.049,
6929,20,0.214,0.100,0.455,0.167,
6929,21,0.202,0.097,0.470,0.204,
6929,22,0.156,0.062,0.511,0.236,
6929,23,0.139,0.032,0.439,0.222,
6931,0,0.235,0.363,0.028,0.523,-1.700
6931,1,0.157,0.238,0.075,0.247,-1.150
6931,2,0.117,0.229,0.121,0.058,-2.856
6931,3,0.114,0.205,0.136,0.096,-3.200
6931,4,0.088,0.174,0.119,0.115,-2.788
6931,5,0.074,0.143,0.145,0.024,-1.688
6931,6,0.106,0.168,0.135,0.196,-2.612
6931,7,0.169,0.210,0.116,0.333,1.544
6931,8,0.216,0.232,0.011,0.209,6.808
6931,9,0.192,0.207,-0.058,0.212,12.288
6931,10,0.059,0.097,-0.148,0.191,11.900
6931,11,0.056,0.140,-0.280,0.148,9.656
6931,12,0.080,0.096,-0.256,0.222,9.450
6931,13,0.065,0.074,-0.359,0.175,9.425
6931,14,0.068,0.065,-0.119,0.259,8.562
6931,15,0.125,0.086,-0.081,0.240,8.550
6931,16,0.198,0.082,0.065,0.572,7.494
6931,17,0.375,0.115,0.339,1.009,5.375
6931,18,0.427,0.201,0.253,1.094,2.756
6931,19,0.444,0.299,0.268,1.007,0.812
6931,20,0.425,0.373,0.251,0.947,-0.625
6931,21,0.409,0.403,0.190,0.821,-0.894
6931,22,0.368,0.414,0.145,0.647,-1.263
6931,23,0.309,0.383,0.110,0.418,-1.167
6932,0,0.066,-0.078,0.435,0.413,-0.500
6932,1,0.064,-0.104,0.337,0.392,-1.017
6932,2,0.100,-0.085,0.328,0.426,-0.875
6932,3,0.067,-0.095,0.270,0.367,0.750
6932,4,0.060,-0.105,0.241,0.357,1.015
6932,5,0.050,-0.110,0.211,0.362,0.312
6932,6,0.033,-0.133,0.232,0.340,-0.500
6932,7,0.017,-0.125,0.183,0.346,0.250
6932,8,-0.018,-0.121,0.166,0.333,-2.896
6932,9,-0.019,-0.077,0.228,0.375,-6.062
6932,10,0.004,-0.070,0.179,0.420,-7.562
6932,11,-0.018,-0.130,0.049,0.439,-5.750
6932,12,-0.035,-0.121,0.038,0.471,-4.375
6932,13,-0.035,-0.145,-0.023,0.544,-3.000
6932,14,-0.034,-0.112,-0.049,0.582,-3.396
6932,15,-0.027,-0.107,-0.103,0.385,-4.083
6932,16,-0.031,-0.088,-0.080,0.381,-3.625
6932,17,-0.059,-0.169,-0.117,0.304,-3.625
6932,18,-0.004,-0.134,0.147,0.261,-4.625
6932,19,0.028,-0.137,0.316,0.251,-4.375
6932,20,0.028,-0.120,0.373,0.256,-3.375
6932,21,-0.003,-0.163,0.404,0.307,-2.750
6932,22,0.003,-0.152,0.481,0.345,-2.750
6932,23,0.063,-0.135,0.446,0.374,-2.033
6934,0,-0.202,-0.073,0.203,-0.588,-4.500
6934,1,-0.186,-0.051,0.167,-0.671,-3.601
6934,2,-0.177,-0.044,0.179,-0.648,-5.000
6934,3,-0.173,-0.069,0.197,-0.669,-3.750
6934,4,-0.122,-0.036,0.163,-0.606,-4.137
6934,5,-0.096,-0.028,0.214,-0.501,-4.500
6934,6,-0.077,-0.023,0.171,-0.412,-2.657
6934,7,-0.075,-0.006,0.146,-0.263,-2.250
6934,8,-0.084,0.029,0.144,-0.187,-2.667
6934,9,-0.017,0.057,0.160,-0.125,-3.250
6934,10,-0.021,0.031,0.179,-0.137,-3.917
6934,11,-0.005,-0.006,0.144,-0.240,-2.750
6934,12,-0.037,-0.020,0.200,-0.314,-1.250
6934,13,-0.115,-0.016,0.206,-0.273,-0.750
6934,14,-0.119,-0.034,0.270,-0.109,-1.000
6934,15,-0.077,0.029,0.232,0.048,-0.625
6934,16,-0.117,0.000,0.268,0.079,-1.500
6934,17,-0.176,-0.045,0.153,-0.209,-0.375
6934,18,-0.250,-0.046,0.034,-0.274,-1.250
6934,19,-0.224,-0.009,0.147,-0.387,-2.750
6934,20,-0.175,0.039,0.347,-0.378,-2.328
6934,21,-0.127,0.063,0.269,-0.419,-3.250
6934,22,-0.121,0.038,0.267,-0.487,-3.443
6934,23,-0.128,0.014,0.167,-0.591,-3.642
6938,0,-0.045,0.235,0.042,-0.137,-4.000
6938,1,-0.026,0.277,-0.018,-0.154,-4.883
6938,2,-0.025,0.206,-0.019,-0.074,-4.816
6938,3,-0.033,0.242,0.005,-0.093,-3.750
6938,4,-0.015,0.255,-0.036,-0.110,-4.042
6938,5,-0.023,0.261,-0.054,-0.150,-3.646
6938,6,-0.022,0.279,-0.070,-0.170,-3.750
6938,7,-0.066,0.238,-0.090,-0.243,-6.500
6938,8,-0.054,0.178,-0.008,-0.149,-5.000
6938,9,-0.025,0.148,-0.057,-0.137,-3.285
6938,10,-0.006,0.152,-0.145,-0.079,-2.312
6938,11,0.003,0.152,-0.194,-0.076,-1.875
6938,12,-0.041,0.090,-0.294,-0.067,-1.333
6938,13,-0.036,0.082,-0.359,-0.119,-1.417
6938,14,-0.026,0.054,-0.415,-0.097,-1.625
6938,15,-0.053,0.066,-0.425,-0.099,-2.000
6938,16,-0.081,0.072,-0.439,-0.065,-2.375
6938,17,-0.104,0.045,-0.297,-0.064,-4.273
6938,18,-0.109,-0.021,-0.105,-0.180,-3.730
6938,19,-0.124,0.013,-0.061,-0.175,-4.000
6938,20,-0.131,0.074,0.081,-0.175,-4.457
6938,21,-0.055,0.113,0.060,-0.138,-4.188
6938,22,-0.003,0.136,0.009,-0.146,-4.500
6938,23,-0.084,0.140,-0.079,-0.251,-4.167
6957,0,0.255,0.135,0.484,0.415,12.000
6957,1,0.264,0.090,0.523,0.432,11.000
6957,2,0.236,0.114,0.571,0.454,11.750
6957,3,0.195,0.097,0.583,0.436,12.000
6957,4,0.197,0.118,0.610,0.437,12.000
6957,5,0.191,0.110,0.611,0.414,11.250
6957,6,0.166,0.109,0.532,0.257,11.500
6957,7,0.146,0.090,0.560,0.257,6.000
6957,8,0.129,0.098,0.498,0.215,4.750
6957,9,0.088,0.106,0.440,0.199,4.417
6957,10,0.111,0.116,0.328,0.196,3.532
6957,11,0.100,0.092,0.388,0.169,4.350
6957,12,0.083,0.046,0.410,0.019,5.260
6957,13,0.063,-0.028,0.389,0.012,6.001
6957,14,0.070,0.032,0.430,-0.034,4.957
6957,15,0.090,0.041,0.415,-0.089,2.770
6957,16,0.110,0.004,0.303,-0.055,-0.750
6957,17,0.128,0.057,0.210,0.004,-1.000
6957,18,0.251,0.127,0.253,0.048,3.000
6957,19,0.297,0.165,0.312,0.171,5.000
6957,20,0.295,0.174,0.370,0.196,6.000
6957,21,0.306,0.191,0.457,0.247,6.750
6957,22,0.323,0.214,0.498,0.215,7.000
6957,23,0.279,0.213,0.511,0.214,10.667
6960,0,0.109,0.013,0.114,0.087,9.000
6960,1,0.096,0.005,0.066,0.046,8.250
6960,2,0.092,0.001,0.012,0.130,7.750
6960,3,0.117,0.010,0.039,0.062,7.750
6960,4,0.106,0.009,0.062,-0.058,7.500
6960,5,0.075,0.013,0.008,-0.111,7.500
6960,6,0.096,0.025,0.022,-0.140,7.000
6960,7,0.091,0.002,0.058,-0.077,6.375
6960,8,0.109,0.013,0.079,-0.087,9.625
6960,9,0.092,0.006,0.092,-0.045,12.625
6960,10,0.108,0.057,0.024,0.050,11.958
6960,11,0.107,0.057,-0.080,-0.007,7.750
6960,12,0.120,0.022,-0.151,-0.055,6.000
6960,13,0.121,0.019,-0.261,-0.113,4.250
6960,14,0.114,0.002,-0.206,-0.055,4.500
6960,15,0.126,0.035,-0.210,0.003,3.750
6960,16,0.116,0.013,-0.190,-0.063,3.250
6960,17,0.056,-0.011,0.028,-0.047,6.583
6960,18,0.055,-0.021,0.146,0.043,8.750
6960,19,0.115,0.000,0.129,0.071,8.375
6960,20,0.129,0.063,0.152,0.141,8.375
6960,21,0.125,0.055,0.154,0.134,9.000
6960,22,0.098,0.041,0.160,0.116,9.125
6960,23,0.097,0.024,0.122,0.123,9.000
6980,0,-0.022,0.050,0.886,0.096,-29.125
6980,1,-0.029,0.028,1.009,0.073,-29.375
6980,2,-0.042,0.005,0.817,-0.052,-28.625
6980,3,-0.006,0.051,0.797,-0.001,-29.375
6980,4,-0.035,0.040,0.836,-0.075,-30.625
6980,5,-0.028,0.077,0.846,-0.007,-28.750
6980,6,-0.023,0.056,0.800,-0.078,-28.625
6980,7,-0.010,0.080,0.737,-0.099,-26.750
6980,8,-0.011,0.078,0.590,-0.033,-24.125
6980,9,-0.014,0.051,0.434,-0.029,-22.125
6980,10,0.002,0.013,0.308,0.009,-19.875
6980,11,0.038,0.071,0.245,-0.013,-18.500
6980,12,0.062,0.070,0.191,-0.150,-18.188
6980,13,0.053,0.026,0.229,-0.130,-18.125
6980,14,0.055,0.052,0.249,-0.121,-18.500
6980,15,0.042,-0.002,0.244,-0.016,-19.375
6980,16,0.023,0.027,0.284,0.115,-21.000
6980,17,0.041,0.009,0.351,0.130,-24.500
6980,18,-0.019,0.015,0.516,0.156,-28.000
6980,19,-0.018,-0.026,0.642,0.132,-28.208
6980,20,0.007,-0.012,0.759,0.099,-29.729
6980,21,0.034,0.008,0.763,0.061,-30.375
6980,22,0.032,0.020,0.935,0.082,-29.938
6980,23,0.015,0.050,0.925,0.058,-30.333
6988,0,0.083,0.158,0.347,-0.456,-3.000
6988,1,0.081,0.145,0.338,-0.422,-5.375
6988,2,0.043,0.126,0.410,-0.349,-4.750
6988,3,0.052,0.140,0.403,-0.476,-3.125
6988,4,0.011,0.125,0.399,-0.333,-2.875
6988,5,0.024,0.108,0.392,-0.199,-2.000
6988,6,0.073,0.140,0.324,-0.212,-2.000
6988,7,0.059,0.220,0.291,-0.174,-4.750
6988,8,0.078,0.182,0.350,-0.118,-4.000
6988,9,0.077,0.159,0.229,-0.354,-3.000
6988,10,0.059,0.135,0.323,-0.187,-1.875
6988,11,0.116,0.091,0.476,0.079,-1.750
6988,12,0.085,0.045,0.434,-0.085,-2.000
6988,13,0.054,0.026,0.355,0.105,-2.000
6988,14,0.067,0.049,0.485,0.095,-2.000
6988,15,0.080,0.069,0.526,0.265,-2.708
6988,16,0.140,0.085,0.786,0.511,-1.500
6988,17,0.278,0.077,0.563,0.432,-3.000
6988,18,0.228,0.043,0.400,0.365,-5.125
6988,19,0.187,0.078,0.326,0.309,-5.812
6988,20,0.117,0.055,0.304,0.205,-6.750
6988,21,0.053,0.026,0.280,0.245,-5.333
6988,22,0.111,0.073,0.267,0.197,-4.875
6988,23,0.110,0.104,0.248,0.261,-4.500
7005,0,0.050,0.007,0.431,-0.038,-7.855
7005,1,0.032,0.036,0.507,-0.003,-8.667
7005,2,0.091,0.019,0.442,0.047,-8.479
7005,3,0.130,0.002,0.471,0.100,-8.500
7005,4,0.114,0.049,0.420,0.070,-6.500
7005,5,0.093,0.048,0.447,0.167,-4.500
7005,6,0.155,0.063,0.447,0.154,-5.040
7005,7,0.283,0.116,0.439,0.190,-2.460
7005,8,0.260,0.141,0.328,0.194,5.413
7005,9,0.103,0.065,0.159,0.162,8.500
7005,10,0.020,0.014,0.141,0.127,8.292
7005,11,-0.024,-0.029,0.080,0.139,7.500
7005,12,0.013,-0.039,0.038,0.072,6.083
7005,13,-0.010,-0.138,0.001,0.168,5.000
7005,14,0.042,-0.127,0.045,0.126,5.000
7005,15,0.071,-0.099,-0.010,0.133,3.542
7005,16,0.083,-0.142,-0.045,0.218,1.500
7005,17,0.232,0.022,0.139,0.352,-3.550
7005,18,0.513,0.294,0.356,0.357,-8.355
7005,19,0.608,0.480,0.316,0.286,-8.125
7005,20,0.533,0.367,0.240,0.169,-8.893
7005,21,0.397,0.307,0.401,0.120,-10.500
7005,22,0.342,0.202,0.523,0.043,-10.758
7005,23,0.243,0.165,0.595,-0.105,-12.833
8118,0,,,,,
8118,1,,,,,
8118,2,,,,,
8118,3,,,,,
8118,4,,,,,
8118,5,,,,,
8118,6,,,,,
8118,7,,,,,
8118,8,,,,,
8118,9,,,,,
8118,10,,,,,
8118,11,,,,,
8118,12,,,,,
8118,13,,,,,
8118,14,,,,,
8118,15,,,,,
8118,16,,,,,
8118,17,,,,,
8118,18,,,,,
8118,19,,,,,
8118,20,,,,,
8118,21,,,,,
8118,22,,,,,
8118,23,,,,,
8235,0,0.120,0.035,0.438,0.481,-3.000
8235,1,0.100,0.044,0.433,0.420,-3.000
8235,2,0.079,0.009,0.541,0.455,-3.000
8235,3,0.022,-0.011,0.519,0.477,-5.000
8235,4,0.053,-0.011,0.560,0.516,-4.750
8235,5,0.065,0.003,0.538,0.522,-3.500
8235,6,0.103,0.070,0.575,0.549,-3.750
8235,7,0.061,0.033,0.527,0.597,-3.125
8235,8,0.060,0.079,0.435,0.558,0.688
8235,9,0.040,0.076,0.408,0.516,3.250
8235,10,0.036,0.054,0.504,0.585,4.542
8235,11,0.033,0.021,0.641,0.562,4.542
8235,12,0.008,0.013,0.737,0.555,2.500
8235,13,-0.022,-0.034,0.810,0.567,1.500
8235,14,0.018,-0.033,0.726,0.373,2.375
8235,15,0.040,-0.017,0.732,0.374,2.500
8235,16,0.061,0.005,0.581,0.395,2.250
8235,17,0.110,0.059,0.454,0.503,-0.500
8235,18,0.119,0.128,0.423,0.506,-4.417
8235,19,0.182,0.273,0.374,0.465,-5.500
8235,20,0.191,0.242,0.377,0.413,-6.375
8235,21,0.114,0.100,0.376,0.322,-5.500
8235,22,0.079,0.086,0.392,0.320,-4.125
8235,23,0.096,0.078,0.434,0.276,-4.333
8239,0,0.051,-0.049,0.482,0.278,-2.000
8239,1,0.037,-0.026,0.487,0.239,-2.250
8239,2,0.077,-0.021,0.446,0.205,-2.250
8239,3,0.066,-0.014,0.503,0.234,-2.500
8239,4,0.085,0.001,0.475,0.229,-1.750
8239,5,0.033,-0.029,0.494,0.251,-1.750
8239,6,0.016,-0.050,0.439,0.169,-2.000
8239,7,-0.018,-0.051,0.454,0.162,-2.500
8239,8,0.028,-0.063,0.425,0.126,-1.250
8239,9,0.040,-0.055,0.406,0.221,1.000
8239,10,0.050,-0.065,0.410,0.250,0.500
8239,11,0.052,-0.070,0.338,0.377,-1.250
8239,12,0.041,-0.024,0.354,0.261,-1.750
8239,13,0.044,-0.052,0.272,0.253,0.000
8239,14,0.055,-0.015,0.268,0.279,0.500
8239,15,0.039,-0.017,0.269,0.323,-0.125
8239,16,0.009,-0.054,0.371,0.072,-1.833
8239,17,-0.053,-0.104,0.515,0.024,-3.625
8239,18,-0.097,-0.156,0.525,0.005,-4.333
8239,19,-0.084,-0.199,0.542,0.100,-3.250
8239,20,-0.044,-0.171,0.519,0.182,-3.500
8239,21,-0.011,-0.103,0.518,0.164,-4.750
8239,22,-0.011,-0.079,0.491,0.098,-2.750
8239,23,-0.007,-0.061,0.511,0.155,-2.667
8365,0,-0.012,0.177,0.229,-0.011,-25.905
8365,1,0.013,0.203,0.315,-0.068,-26.094
8365,2,-0.025,0.143,0.250,-0.059,-25.722
8365,3,-0.005,0.101,0.244,-0.026,-25.944
8365,4,-0.030,0.124,0.233,0.024,-27.218
8365,5,-0.008,0.118,0.289,0.253,-28.010
8365,6,0.055,0.201,0.310,0.233,-26.757
8365,7,0.115,0.264,0.455,0.301,-27.233
8365,8,0.142,0.276,0.227,0.003,-25.194
8365,9,0.102,0.197,0.102,0.062,-18.898
8365,10,0.038,0.149,-0.109,0.196,-14.020
8365,11,0.008,0.180,-0.283,0.255,-11.288
8365,12,-0.042,0.132,-0.279,0.516,-8.430
8365,13,-0.020,0.104,-0.221,0.522,-6.837
8365,14,-0.021,0.121,-0.269,0.717,-6.316
8365,15,-0.025,0.084,-0.237,0.545,-6.755
8365,16,-0.019,0.068,-0.250,0.225,-9.255
8365,17,0.114,0.130,-0.203,0.105,-14.018
8365,18,0.284,0.403,0.056,0.068,-20.000
8365,19,0.436,0.702,0.170,0.236,-23.777
8365,20,0.302,0.606,0.293,0.275,-25.470
8365,21,0.174,0.426,0.373,0.233,-26.314
8365,22,0.130,0.291,0.388,0.181,-26.573
8365,23,0.084,0.229,0.491,0.168,-25.798
8472,0,-0.061,0.172,-0.101,0.011,1.125
8472,1,-0.072,0.109,-0.162,0.026,1.250
8472,2,-0.062,0.139,-0.168,0.137,1.875
8472,3,0.007,0.148,-0.221,0.096,1.608
8472,4,-0.014,0.163,-0.289,0.192,2.125
8472,5,0.026,0.204,-0.339,0.217,2.573
8472,6,0.012,0.163,-0.354,0.205,3.188
8472,7,-0.012,0.121,-0.351,0.255,4.016
8472,8,-0.053,0.157,-0.340,0.266,-0.839
8472,9,-0.076,0.184,-0.487,0.329,-5.688
8472,10,-0.041,0.128,-0.594,0.319,-5.000
8472,11,-0.011,0.131,-0.761,0.371,-4.250
8472,12,0.009,0.155,-0.947,0.393,-4.000
8472,13,-0.005,0.188,-1.021,0.456,-3.250
8472,14,0.061,0.230,-1.091,0.551,-1.938
8472,15,0.088,0.277,-1.050,0.404,0.688
8472,16,0.084,0.284,-0.944,0.415,2.000
8472,17,0.134,0.304,-0.627,0.398,0.938
8472,18,0.109,0.358,-0.248,0.519,0.500
8472,19,0.054,0.379,-0.013,0.481,0.438
8472,20,0.026,0.285,0.010,0.416,0.188
8472,21,0.021,0.237,0.058,0.392,1.375
8472,22,0.011,0.215,0.001,0.351,1.250
8472,23,-0.025,0.139,-0.034,0.301,1.167
8475,0,-0.080,-0.083,-0.396,0.415,9.645
8475,1,-0.074,-0.064,-0.389,0.437,7.750
8475,2,-0.040,-0.053,-0.442,0.478,9.231
8475,3,-0.067,-0.062,-0.433,0.445,8.542
8475,4,-0.059,-0.036,-0.416,0.445,7.997
8475,5,-0.104,-0.035,-0.441,0.436,8.528
8475,6,-0.062,-0.059,-0.397,0.376,8.250
8475,7,-0.093,-0.044,-0.362,0.410,12.913
8475,8,-0.049,0.048,-0.223,0.451,11.000
8475,9,-0.011,0.065,-0.248,0.430,2.250
8475,10,0.027,0.130,-0.216,0.445,0.750
8475,11,0.071,0.145,-0.280,0.391,1.196
8475,12,0.029,0.090,-0.235,0.374,1.000
8475,13,-0.010,0.075,-0.289,0.331,1.000
8475,14,-0.036,0.046,-0.353,0.233,1.250
8475,15,-0.118,-0.006,-0.446,0.194,1.500
8475,16,-0.141,-0.081,-0.493,0.141,2.173
8475,17,-0.248,-0.118,-0.560,0.090,5.250
8475,18,-0.316,-0.227,-0.501,-0.002,8.840
8475,19,-0.329,-0.311,-0.419,0.085,11.000
8475,20,-0.268,-0.308,-0.387,0.240,10.407
8475,21,-0.181,-0.224,-0.389,0.314,9.773
8475,22,-0.171,-0.151,-0.417,0.335,9.000
8475,23,-0.205,-0.135,-0.475,0.349,11.993
8915,0,0.174,0.075,0.126,-0.116,-7.750
8915,1,0.130,0.068,0.174,-0.088,-7.625
8915,2,0.165,0.099,0.189,-0.148,-6.625
8915,3,0.176,0.111,0.180,-0.015,-6.375
8915,4,0.187,0.101,0.211,-0.075,-6.500
8915,5,0.179,0.098,0.198,-0.093,-5.750
8915,6,0.171,0.102,0.206,-0.126,-5.500
8915,7,0.185,0.099,0.155,-0.142,-5.750
8915,8,0.160,0.089,0.124,-0.107,-7.250
8915,9,0.123,0.066,0.076,-0.026,-7.125
8915,10,0.151,0.069,0.073,0.016,-3.500
8915,11,0.194,0.066,0.113,0.055,-2.167
8915,12,0.243,0.082,0.160,0.107,-1.688
8915,13,0.307,0.102,0.206,0.122,-1.333
8915,14,0.280,0.089,0.271,0.047,-1.250
8915,15,0.288,0.092,0.327,0.056,-1.000
8915,16,0.301,0.054,0.339,0.087,-2.292
8915,17,0.357,0.020,0.327,0.186,-5.000
8915,18,0.448,0.051,0.166,0.098,-6.625
8915,19,0.436,0.048,0.156,0.042,-6.750
8915,20,0.451,0.033,0.209,0.030,-7.500
8915,21,0.379,0.056,0.142,0.018,-7.500
8915,22,0.312,0.112,0.137,-0.020,-8.000
8915,23,0.254,0.078,0.130,-0.002,-7.667
8917,0,-0.049,0.088,0.006,-0.085,10.500
8917,1,-0.047,0.061,-0.007,-0.003,9.750
8917,2,-0.033,0.042,-0.065,-0.147,10.625
8917,3,0.009,0.054,-0.004,-0.269,10.188
8917,4,-0.000,0.038,-0.044,-0.189,10.438
8917,5,-0.019,0.044,-0.058,-0.273,10.250
8917,6,-0.038,0.005,-0.016,-0.283,10.625
8917,7,-0.042,-0.022,0.008,-0.307,9.500
8917,8,-0.022,0.007,-0.011,-0.149,4.750
8917,9,0.013,0.057,-0.106,-0.135,2.375
8917,10,0.056,0.055,-0.171,-0.114,-1.083
8917,11,0.013,0.035,-0.240,-0.089,-1.979
8917,12,0.092,0.035,-0.381,-0.044,-0.833
8917,13,0.088,0.022,-0.457,-0.023,0.167
8917,14,0.038,0.014,-0.498,0.114,-0.562
8917,15,0.031,0.021,-0.560,0.134,-1.042
8917,16,0.004,-0.040,-0.429,0.137,0.917
8917,17,-0.110,-0.098,-0.296,-0.041,4.250
8917,18,-0.167,-0.139,-0.081,-0.003,9.125
8917,19,-0.191,-0.143,-0.007,0.039,11.625
8917,20,-0.163,-0.131,0.097,-0.147,11.312
8917,21,-0.094,-0.044,0.135,-0.128,12.062
8917,22,-0.070,0.014,0.121,-0.105,11.250
8917,23,-0.060,0.029,0.109,-0.147,11.167
10484,0,-0.446,-0.366,-0.957,-0.581,17.622
10484,1,-0.408,-0.317,-1.073,-0.486,13.225
10484,2,-0.343,-0.296,-1.078,-0.498,16.274
10484,3,-0.302,-0.321,-1.023,-0.422,14.496
10484,4,-0.281,-0.328,-1.013,-0.341,13.819
10484,5,-0.289,-0.258,-1.186,-0.291,8.250
10484,6,-0.289,-0.244,-1.105,-0.254,9.669
10484,7,-0.328,-0.238,-1.062,-0.279,11.625
10484,8,-0.273,-0.229,-0.769,-0.137,12.443
10484,9,-0.218,-0.254,-0.462,-0.079,5.571
10484,10,-0.120,-0.136,-0.377,-0.069,2.000
10484,11,-0.121,-0.061,-0.325,-0.027,1.125
10484,12,-0.103,-0.066,-0.544,-0.017,1.375
10484,13,-0.136,-0.099,-0.642,0.009,0.500
10484,14,-0.095,-0.095,-0.613,0.062,1.000
10484,15,-0.103,-0.088,-0.792,0.100,3.562
10484,16,-0.126,-0.090,-0.853,0.129,10.480
10484,17,-0.239,-0.183,-1.236,-0.199,18.289
10484,18,-0.566,-0.331,-1.318,-0.543,17.003
10484,19,-0.688,-0.354,-1.303,-0.672,13.300
10484,20,-0.649,-0.334,-1.232,-0.719,11.927
10484,21,-0.565,-0.363,-1.109,-0.710,12.384
10484,22,-0.493,-0.357,-0.983,-0.616,13.233
10484,23,-0.440,-0.334,-0.932,-0.647,13.569
10485,0,-0.025,0.058,-0.158,-0.269,-5.875
10485,1,0.000,0.011,-0.154,-0.345,-5.875
10485,2,-0.009,-0.009,-0.246,-0.281,-6.500
10485,3,-0.010,0.007,-0.182,-0.217,-6.125
10485,4,-0.009,-0.004,-0.147,-0.192,-6.250
10485,5,-0.017,-0.016,-0.153,-0.214,-6.323
10485,6,-0.002,-0.004,-0.129,-0.151,-5.562
10485,7,0.005,-0.005,-0.077,-0.130,-3.438
10485,8,0.017,0.065,-0.067,-0.077,-0.017
10485,9,-0.000,0.032,-0.121,-0.340,-1.062
10485,10,0.019,0.035,-0.140,-0.416,-1.729
10485,11,0.017,-0.006,-0.264,-0.412,-1.625
10485,12,0.011,-0.012,-0.332,-0.408,-0.938
10485,13,0.004,-0.023,-0.465,-0.375,-0.375
10485,14,-0.039,-0.054,-0.325,-0.358,-0.021
10485,15,-0.008,-0.026,-0.214,0.141,0.167
10485,16,-0.030,0.008,-0.065,0.129,0.375
10485,17,-0.061,-0.037,0.014,0.084,-1.938
10485,18,-0.141,-0.095,0.068,-0.057,-4.812
10485,19,-0.194,-0.059,-0.024,-0.085,-5.271
10485,20,-0.153,-0.072,0.033,-0.130,-5.813
10485,21,-0.112,-0.035,-0.007,-0.336,-5.850
10485,22,-0.094,-0.067,-0.018,-0.314,-5.354
10485,23,-0.093,-0.023,-0.039,-0.396,-5.493
10486,0,0.028,0.233,0.603,0.068,-3.750
10486,1,0.018,0.233,0.612,0.027,-2.961
10486,2,0.061,0.194,0.614,0.007,-2.500
10486,3,0.023,0.128,0.587,0.034,-1.250
10486,4,0.028,0.163,0.566,0.010,-1.904
10486,5,-0.021,0.122,0.556,0.035,-0.320
10486,6,-0.029,0.103,0.478,0.051,1.000
10486,7,-0.118,0.078,0.472,-0.079,1.875
10486,8,-0.140,0.062,0.449,-0.065,0.264
10486,9,-0.173,0.068,0.466,-0.023,-4.512
10486,10,-0.113,0.006,0.471,0.066,-6.299
10486,11,-0.092,0.046,0.472,0.113,-5.323
10486,12,-0.189,-0.017,0.377,0.155,-3.691
10486,13,-0.171,-0.020,0.380,0.099,-2.250
10486,14,-0.163,-0.042,0.339,0.101,-1.981
10486,15,-0.132,-0.031,0.342,0.081,-2.670
10486,16,-0.119,-0.007,0.301,0.066,-3.574
10486,17,-0.134,-0.006,0.375,0.043,-6.329
10486,18,-0.068,0.081,0.560,0.015,-7.908
10486,19,-0.032,0.224,0.630,-0.094,-7.343
10486,20,0.044,0.333,0.606,-0.119,-6.468
10486,21,0.167,0.344,0.655,0.005,-5.500
10486,22,0.111,0.340,0.643,-0.007,-4.821
10486,23,0.073,0.289,0.642,-0.043,-3.637
10488,0,-0.282,-0.020,0.794,0.480,
10488,1,-0.308,-0.047,0.868,0.552,
10488,2,-0.335,-0.002,0.900,0.469,
10488,3,-0.304,0.030,0.900,0.427,
10488,4,-0.279,0.051,0.904,0.431,
10488,5,-0.324,0.075,0.934,0.323,
10488,6,-0.380,0.015,0.852,0.320,
10488,7,-0.320,0.011,0.841,0.316,
10488,8,-0.230,0.044,0.915,0.339,
10488,9,-0.244,0.115,0.927,0.299,
10488,10,-0.139,0.078,0.946,0.351,
10488,11,-0.240,0.117,0.835,0.038,
10488,12,-0.292,-0.015,0.813,-0.189,
10488,13,-0.313,-0.066,0.868,-0.204,
10488,14,-0.312,-0.121,0.932,-0.199,
10488,15,-0.232,0.160,0.918,-0.202,
10488,16,-0.195,0.066,0.943,-0.230,
10488,17,-0.305,0.084,0.912,-0.072,
10488,18,-0.389,-0.078,0.769,0.049,
10488,19,-0.348,-0.029,0.735,0.106,
10488,20,-0.357,0.005,0.753,-0.046,
10488,21,-0.341,0.055,0.700,0.073,
10488,22,-0.302,-0.020,0.676,0.151,
10488,23,-0.216,0.138,0.733,0.190,
10820,0,-0.817,,-1.226,-0.532,
10820,1,-0.427,-1.116,-0.966,-0.388,
10820,2,-0.633,-0.811,-0.978,-0.103,
10820,3,-0.581,-0.695,-0.860,-0.013,
10820,4,-0.546,-0.893,-0.804,-0.127,
10820,5,-0.652,-0.507,-0.918,0.057,
10820,6,-0.735,-0.802,-0.763,-0.102,
10820,7,-0.613,-0.586,-0.792,-0.127,
10820,8,-0.854,-0.622,0.155,0.076,
10820,9,-0.879,-0.882,-1.349,0.003,
10820,10,-0.701,-0.642,-0.647,0.627,
10820,11,-0.642,,-0.423,0.472,
10820,12,-0.372,-0.467,-0.661,0.434,
10820,13,-0.148,-0.442,-0.293,0.424,
10820,14,-0.014,-0.402,0.105,0.720,
10820,15,0.002,0.157,-0.226,0.776,
10820,16,0.113,-0.845,-0.738,0.521,
10820,17,-0.042,0.111,-0.620,0.226,
10820,18,-0.319,-0.029,-0.865,0.024,
10820,19,-0.660,-0.234,-0.787,0.064,
10820,20,-0.549,-0.814,-1.269,0.212,
10820,21,-0.669,,-0.617,0.148,
10820,22,-0.541,,-0.914,-0.099,
10820,23,,,-1.082,0.154,
10831,0,0.008,0.122,-0.739,-0.388,6.000
10831,1,0.031,0.064,-0.786,-0.532,6.500
10831,2,0.037,0.081,-0.915,-0.514,5.771
10831,3,0.036,0.105,-0.852,-0.534,6.250
10831,4,0.058,0.114,-0.860,-0.600,6.375
10831,5,0.059,0.111,-0.808,-0.656,7.000
10831,6,0.025,0.056,-0.827,-0.600,6.125
10831,7,0.045,0.042,-0.718,-0.637,6.375
10831,8,0.043,0.065,-0.702,-0.804,4.500
10831,9,0.055,0.065,-0.820,-0.872,3.216
10831,10,0.017,0.050,-0.993,-0.938,2.500
10831,11,-0.019,0.024,-1.208,-0.968,1.979
10831,12,-0.031,0.014,-1.418,-1.001,0.812
10831,13,-0.057,-0.022,-1.528,-1.033,0.833
10831,14,-0.064,-0.021,-1.590,-1.067,-0.250
10831,15,-0.072,-0.052,-1.609,-1.047,-1.917
10831,16,-0.055,-0.050,-1.311,-1.107,-1.667
10831,17,-0.096,-0.033,-0.744,-1.049,2.000
10831,18,-0.003,-0.051,-0.603,-0.819,7.438
10831,19,-0.015,-0.074,-0.659,-0.657,8.625
10831,20,-0.076,-0.029,-0.704,-0.670,8.625
10831,21,-0.023,-0.004,-0.704,-0.653,7.875
10831,22,-0.009,-0.004,-0.769,-0.679,7.000
10831,23,0.022,0.031,-0.774,-0.693,7.208
11607,0,-0.311,-0.315,-0.401,,20.700
11607,1,-0.279,-0.346,-0.390,,19.247
11607,2,-0.239,-0.361,-0.307,,20.928
11607,3,-0.258,-0.296,-0.351,,21.313
11607,4,-0.299,-0.268,-0.493,,22.210
11607,5,-0.313,-0.269,-0.573,,21.520
11607,6,-0.298,-0.288,-0.502,,21.270
11607,7,-0.312,-0.338,-0.617,,18.885
11607,8,-0.352,-0.337,-0.325,,14.972
11607,9,-0.347,-0.358,-0.118,,7.117
11607,10,-0.293,-0.355,0.175,,1.422
11607,11,-0.188,-0.263,0.223,,-1.040
11607,12,-0.141,-0.193,0.217,,-3.053
11607,13,-0.126,-0.282,0.267,,-4.803
11607,14,-0.083,-0.247,0.266,,-3.267
11607,15,-0.074,-0.191,0.181,,-1.403
11607,16,-0.113,-0.260,0.559,,4.376
11607,17,-0.250,-0.224,0.403,,9.117
11607,18,-0.376,-0.185,0.151,,13.593
11607,19,-0.452,-0.284,0.026,,17.420
11607,20,-0.486,-0.362,-0.090,,18.399
11607,21,-0.475,-0.454,-0.199,,19.020
11607,22,-0.426,-0.445,-0.291,,19.720
11607,23,-0.452,-0.442,-0.190,,18.895
