window,id,name,ncr,neighbours,days,score,t,frac_pos,d_pm10,d_pm25,d_no2,d_co,d_rh
oct-nov,17,"R K Puram, Delhi",False,5586 10484 11607 6957,50,-0.154,-3.042,0.320,0.004,-0.138,-0.473,0.103,4.240
oct01-24,17,"R K Puram, Delhi",False,5586 10484 11607 6957,19,-0.249,-2.598,0.211,0.015,-0.229,-0.501,0.236,3.805
oct25-nov30,17,"R K Puram, Delhi",False,5586 10484 11607 6957,31,-0.147,-1.807,0.387,-0.018,-0.112,-0.436,0.006,5.227
oct-nov,50,"Punjabi Bagh, Delhi",False,5630 5610 6356 5404,47,0.354,8.835,0.894,-0.170,-0.227,-0.104,0.353,-5.979
oct01-24,50,"Punjabi Bagh, Delhi",False,5630 5610 6356 5404,16,0.222,2.717,0.750,-0.128,-0.119,-0.111,0.131,-16.593
oct25-nov30,50,"Punjabi Bagh, Delhi",False,5630 5610 6356 5404,31,0.370,10.646,0.968,-0.180,-0.258,-0.098,0.409,-4.896
oct-nov,235,"Anand Vihar, New Delhi",False,6938 6960 6359 6924,53,0.298,7.060,0.887,-0.171,-0.124,0.411,-0.127,7.188
oct01-24,235,"Anand Vihar, New Delhi",False,6938 6960 6359 6924,23,0.435,7.266,0.957,-0.180,-0.105,0.636,-0.087,5.375
oct25-nov30,235,"Anand Vihar, New Delhi",False,6938 6960 6359 6924,30,0.221,3.724,0.833,-0.153,-0.161,0.310,-0.140,7.948
oct-nov,5404,"Pusa, Delhi",False,5630 5610 50 6358,47,-0.646,-11.077,0.064,0.081,0.065,-0.638,-0.501,
oct01-24,5404,"Pusa, Delhi",False,5630 5610 50 6358,16,-0.492,-5.488,0.062,0.050,0.065,-0.482,-0.752,
oct25-nov30,5404,"Pusa, Delhi",False,5630 5610 50 6358,31,-0.660,-9.713,0.065,0.091,0.065,-0.827,-0.410,
oct-nov,5541,"Burari Crossing, New Delhi",False,8235 8917 8915 8475,53,0.107,1.776,0.660,-0.066,-0.018,0.458,-0.284,
oct01-24,5541,"Burari Crossing, New Delhi",False,8235 8917 8915 8475,22,0.244,5.343,0.864,-0.051,-0.013,0.498,-0.155,
oct25-nov30,5541,"Burari Crossing, New Delhi",False,8235 8917 8915 8475,31,0.011,0.240,0.516,-0.080,-0.031,0.387,-0.459,
oct-nov,5570,"Aya Nagar, New Delhi",False,10921 10484 5650 301,54,-0.160,-3.920,0.259,-0.210,-0.097,-0.698,-0.051,
oct01-24,5570,"Aya Nagar, New Delhi",False,10921 10484 5650 301,23,-0.012,-1.203,0.435,-0.400,-0.092,-0.446,-0.153,
oct25-nov30,5570,"Aya Nagar, New Delhi",False,10921 10484 5650 301,31,-0.231,-5.190,0.129,-0.176,-0.111,-0.719,0.008,
oct-nov,5586,"Sirifort, Delhi",False,17 10484 6957 8365,53,-0.036,-0.244,0.453,0.026,0.090,0.620,-0.459,4.476
oct01-24,5586,"Sirifort, Delhi",False,17 10484 6957 8365,22,-0.349,-3.053,0.227,0.065,0.150,0.630,-0.899,6.398
oct25-nov30,5586,"Sirifort, Delhi",False,17 10484 6957 8365,31,0.237,2.487,0.613,0.002,0.051,0.619,-0.227,3.540
oct-nov,5598,Sector,True,5627 6980 8239 6988,52,0.083,1.562,0.596,-0.141,-0.064,-0.226,-0.009,-3.333
oct01-24,5598,Sector,True,5627 6980 8239 6988,23,0.012,0.160,0.522,-0.169,-0.052,-0.220,0.036,-2.406
oct25-nov30,5598,Sector,True,5627 6980 8239 6988,29,0.084,2.006,0.655,-0.127,-0.076,-0.233,-0.081,-4.479
oct-nov,5610,"North Campus, DU, Delhi",False,5630 5404 6356 50,53,-0.276,-4.531,0.245,-0.106,-0.158,-0.141,-0.655,
oct01-24,5610,"North Campus, DU, Delhi",False,5630 5404 6356 50,22,-0.295,-3.761,0.136,-0.013,0.016,-0.123,-0.778,
oct25-nov30,5610,"North Campus, DU, Delhi",False,5630 5404 6356 50,31,-0.271,-3.051,0.323,-0.131,-0.192,-0.152,-0.590,
oct-nov,5613,"ITO, New Delhi",False,8118 6929 6358 5634,53,0.122,1.683,0.604,-0.246,-0.120,-0.316,0.063,
oct01-24,5613,"ITO, New Delhi",False,8118 6929 6358 5634,23,0.311,5.427,0.870,-0.258,-0.067,0.060,0.089,
oct25-nov30,5613,"ITO, New Delhi",False,8118 6929 6358 5634,30,-0.041,-1.084,0.400,-0.230,-0.136,-0.722,-0.002,
oct-nov,5616,Sector,True,6924 5665 235 6980,55,0.397,5.893,0.764,0.028,0.123,0.583,0.060,
oct01-24,5616,Sector,True,6924 5665 235 6980,23,0.201,2.645,0.609,0.063,0.197,0.460,0.021,
oct25-nov30,5616,Sector,True,6924 5665 235 6980,32,0.482,5.563,0.875,0.024,0.030,0.775,0.196,
oct-nov,5622,"NSIT Dwarka, Delhi",False,6931 10486 5650 10488,53,0.134,2.149,0.642,0.188,0.237,0.100,0.591,-11.987
oct01-24,5622,"NSIT Dwarka, Delhi",False,6931 10486 5650 10488,22,0.122,1.010,0.636,0.153,0.175,0.114,0.341,-7.700
oct25-nov30,5622,"NSIT Dwarka, Delhi",False,6931 10486 5650 10488,31,0.134,1.919,0.645,0.246,0.332,0.083,0.668,-12.696
oct-nov,5626,"DTU, New Delhi",False,10831 8235 8472 8915,54,0.278,4.697,0.722,-0.018,0.189,0.536,-0.141,2.693
oct01-24,5626,"DTU, New Delhi",False,10831 8235 8472 8915,22,0.190,1.716,0.636,-0.029,0.356,0.637,-0.323,5.796
oct25-nov30,5626,"DTU, New Delhi",False,10831 8235 8472 8915,32,0.334,5.198,0.781,-0.015,0.045,0.478,0.077,-0.186
oct-nov,5627,"CRRI Mathura Road, New Delhi",False,8239 8365 5598 6957,53,0.661,8.737,0.925,-0.134,-0.084,1.361,-0.352,
oct01-24,5627,"CRRI Mathura Road, New Delhi",False,8239 8365 5598 6957,23,0.866,6.699,0.913,-0.139,-0.090,2.030,-0.265,
oct25-nov30,5627,"CRRI Mathura Road, New Delhi",False,8239 8365 5598 6957,30,0.620,5.815,0.933,-0.123,-0.081,1.255,-0.366,
oct-nov,5630,"Shadipur, Delhi",False,5610 5404 6356 50,55,-0.033,-1.649,0.455,-0.033,0.239,-0.265,0.017,34.956
oct01-24,5630,"Shadipur, Delhi",False,5610 5404 6356 50,23,0.074,0.335,0.565,-0.183,0.138,-0.139,0.129,40.536
oct25-nov30,5630,"Shadipur, Delhi",False,5610 5404 6356 50,32,-0.196,-3.474,0.375,0.025,0.340,-0.303,-0.048,33.287
oct-nov,5634,"Lodhi Road, New Delhi",False,11607 6957 6929 8365,53,0.135,3.750,0.660,0.173,0.166,0.573,0.029,
oct01-24,5634,"Lodhi Road, New Delhi",False,11607 6957 6929 8365,22,-0.003,1.171,0.500,0.295,0.223,0.696,-0.098,
oct25-nov30,5634,"Lodhi Road, New Delhi",False,11607 6957 6929 8365,31,0.198,4.479,0.774,0.146,0.144,0.531,0.169,
oct-nov,5650,"IGI Airport (T3), Delhi",False,6931 17 10484 6356,53,0.016,-0.150,0.528,-0.289,-0.010,-0.297,-0.979,
oct01-24,5650,"IGI Airport (T3), Delhi",False,6931 17 10484 6356,21,0.185,1.082,0.571,-0.289,0.016,-0.304,,
oct25-nov30,5650,"IGI Airport (T3), Delhi",False,6931 17 10484 6356,32,-0.004,-1.219,0.500,-0.284,-0.041,-0.263,-0.979,
oct-nov,5665,"Vasundhara, Ghaziabad",True,6924 5616 235 6938,42,-0.124,-2.300,0.429,-0.016,-0.075,0.149,-0.272,4.167
oct01-24,5665,"Vasundhara, Ghaziabad",True,6924 5616 235 6938,20,0.037,-0.644,0.550,-0.025,-0.076,0.294,-0.182,4.167
oct25-nov30,5665,"Vasundhara, Ghaziabad",True,6924 5616 235 6938,22,-0.174,-2.365,0.318,0.012,-0.029,0.100,-0.360,3.875
oct-nov,6356,"Pusa, Delhi",False,5630 5610 50 6358,53,0.410,9.196,0.906,0.400,0.174,0.965,0.552,-5.979
oct01-24,6356,"Pusa, Delhi",False,5630 5610 50 6358,21,0.450,5.363,0.905,0.402,0.058,0.910,0.700,-7.250
oct25-nov30,6356,"Pusa, Delhi",False,5630 5610 50 6358,32,0.356,8.070,0.906,0.399,0.230,1.016,0.521,-3.604
oct-nov,6358,"Mandir Marg, New Delhi",False,8118 5613 6929 5610,51,0.236,3.534,0.745,0.171,0.019,0.568,0.015,
oct01-24,6358,"Mandir Marg, New Delhi",False,8118 5613 6929 5610,21,0.207,0.632,0.619,0.142,0.014,0.698,-0.112,
oct25-nov30,6358,"Mandir Marg, New Delhi",False,8118 5613 6929 5610,30,0.256,4.121,0.833,0.198,0.060,0.497,0.302,
oct-nov,6359,"IHBAS, Dilshad Garden,New Delhi",False,6938 235 5665 8475,51,0.431,8.688,0.882,0.201,0.410,0.466,0.672,-7.392
oct01-24,6359,"IHBAS, Dilshad Garden,New Delhi",False,6938 235 5665 8475,22,0.408,6.043,0.909,0.073,0.267,0.466,0.531,-5.402
oct25-nov30,6359,"IHBAS, Dilshad Garden,New Delhi",False,6938 235 5665 8475,29,0.432,6.230,0.862,0.245,0.616,0.469,0.883,-8.067
oct-nov,6924,"Indirapuram, Ghaziabad",True,5665 5616 235 6938,51,-0.061,-3.123,0.353,-0.019,0.089,-0.209,0.128,-5.250
oct01-24,6924,"Indirapuram, Ghaziabad",True,5665 5616 235 6938,19,-0.175,-3.322,0.263,0.005,0.003,-0.378,0.122,-4.000
oct25-nov30,6924,"Indirapuram, Ghaziabad",True,5665 5616 235 6938,32,-0.037,-1.557,0.406,-0.028,0.153,-0.189,0.133,-5.812
oct-nov,6929,"Major Dhyan Chand National Stadium, Delhi",False,5613 5634 11607 8118,51,-0.248,-5.855,0.196,-0.081,-0.142,-0.464,-0.015,
oct01-24,6929,"Major Dhyan Chand National Stadium, Delhi",False,5613 5634 11607 8118,22,-0.554,-6.960,0.045,-0.131,-0.141,-1.364,0.057,
oct25-nov30,6929,"Major Dhyan Chand National Stadium, Delhi",False,5613 5634 11607 8118,29,-0.140,-2.544,0.310,-0.058,-0.142,-0.261,-0.104,
oct-nov,6931,"Dwarka-Sector 8, Delhi",False,5650 5622 6356 5404,50,-0.027,-1.169,0.420,-0.092,-0.125,-0.255,-0.056,10.328
oct01-24,6931,"Dwarka-Sector 8, Delhi",False,5650 5622 6356 5404,19,-0.047,-2.043,0.263,-0.023,-0.194,-0.266,-0.220,9.869
oct25-nov30,6931,"Dwarka-Sector 8, Delhi",False,5650 5622 6356 5404,31,0.009,0.661,0.516,-0.094,-0.123,-0.252,0.052,11.758
oct-nov,6932,"Alipur, Delhi",False,10485 5626 8235 10831,54,-0.067,-1.308,0.389,-0.109,-0.021,-0.338,0.135,-3.625
oct01-24,6932,"Alipur, Delhi",False,10485 5626 8235 10831,22,-0.097,-1.507,0.318,-0.044,0.062,-0.293,0.159,-3.688
oct25-nov30,6932,"Alipur, Delhi",False,10485 5626 8235 10831,32,-0.056,-0.514,0.438,-0.126,-0.064,-0.451,0.126,-3.375
oct-nov,6934,"Dr. Karni Singh Shooting Range, Delhi",False,8239 5627 5586 5598,55,0.101,1.495,0.636,0.072,0.044,0.026,0.411,2.000
oct01-24,6934,"Dr. Karni Singh Shooting Range, Delhi",False,8239 5627 5586 5598,23,0.037,0.576,0.565,0.142,0.122,0.051,0.492,0.842
oct25-nov30,6934,"Dr. Karni Singh Shooting Range, Delhi",False,8239 5627 5586 5598,32,0.153,1.443,0.688,0.031,0.009,0.016,0.393,5.125
oct-nov,6938,"Vivek Vihar, Delhi",False,6359 235 5665 6924,53,-0.269,-8.856,0.094,0.001,-0.044,-0.396,-0.046,2.396
oct01-24,6938,"Vivek Vihar, Delhi",False,6359 235 5665 6924,22,-0.302,-7.478,0.091,0.026,0.022,-0.647,0.031,3.063
oct25-nov30,6938,"Vivek Vihar, Delhi",False,6359 235 5665 6924,31,-0.245,-5.825,0.097,-0.012,-0.116,-0.282,-0.201,2.107
oct-nov,6957,"Jawaharlal Nehru Stadium, Delhi",False,5634 11607 8365 6929,55,-0.143,-4.468,0.255,-0.144,-0.105,-0.163,-0.401,-5.612
oct01-24,6957,"Jawaharlal Nehru Stadium, Delhi",False,5634 11607 8365 6929,23,-0.136,-2.339,0.261,-0.175,-0.110,-0.032,-0.618,-5.612
oct25-nov30,6957,"Jawaharlal Nehru Stadium, Delhi",False,5634 11607 8365 6929,32,-0.222,-3.831,0.250,-0.127,-0.094,-0.281,-0.326,-5.154
oct-nov,6960,"Patparganj, Delhi",False,235 5613 6929 6980,54,-0.208,-4.904,0.278,0.014,0.012,-0.193,-0.121,-3.500
oct01-24,6960,"Patparganj, Delhi",False,235 5613 6929 6980,23,-0.457,-3.918,0.261,-0.068,-0.003,-0.392,-0.162,-2.625
oct25-nov30,6960,"Patparganj, Delhi",False,235 5613 6929 6980,31,-0.174,-3.067,0.290,0.067,0.028,-0.138,-0.073,-5.250
oct-nov,6980,"Sector-1, Noida",True,5598 6960 5616 5627,49,-0.324,-5.825,0.204,0.072,-0.005,-0.493,0.037,7.854
oct01-24,6980,"Sector-1, Noida",True,5598 6960 5616 5627,21,-0.428,-4.194,0.238,0.040,-0.043,-0.703,0.110,6.719
oct25-nov30,6980,"Sector-1, Noida",True,5598 6960 5616 5627,28,-0.292,-4.337,0.179,0.080,0.024,-0.467,-0.076,8.604
oct-nov,6988,"Sector-116, Noida",True,5616 6980 5598 6924,53,0.143,2.817,0.604,0.041,-0.067,0.092,0.341,1.375
oct01-24,6988,"Sector-116, Noida",True,5616 6980 5598 6924,23,0.275,2.582,0.696,0.084,-0.001,0.030,0.576,0.208
oct25-nov30,6988,"Sector-116, Noida",True,5616 6980 5598 6924,30,0.055,1.402,0.533,0.024,-0.119,0.115,0.017,1.750
oct-nov,7005,"Loni, Ghaziabad",True,8475 5541 6359 6938,49,-0.110,-2.223,0.388,-0.122,-0.145,-0.392,0.072,14.312
oct01-24,7005,"Loni, Ghaziabad",True,8475 5541 6359 6938,18,-0.006,0.493,0.500,-0.086,-0.085,-0.179,0.108,15.690
oct25-nov30,7005,"Loni, Ghaziabad",True,8475 5541 6359 6938,31,-0.180,-2.890,0.323,-0.122,-0.157,-0.522,0.033,12.343
oct-nov,8118,New Delhi-8118,False,5613 6358 6929 5634,0,,,,,,,,
oct01-24,8118,New Delhi-8118,False,5613 6358 6929 5634,0,,,,,,,,
oct25-nov30,8118,New Delhi-8118,False,5613 6358 6929 5634,0,,,,,,,,
oct-nov,8235,"Jahangirpuri, Delhi",False,5541 8915 8917 10831,51,0.132,4.514,0.725,-0.040,-0.032,0.209,0.055,6.417
oct01-24,8235,"Jahangirpuri, Delhi",False,5541 8915 8917 10831,22,0.024,1.018,0.591,-0.024,-0.042,0.209,0.025,2.500
oct25-nov30,8235,"Jahangirpuri, Delhi",False,5541 8915 8917 10831,29,0.160,5.846,0.828,-0.057,-0.029,0.220,0.081,10.906
oct-nov,8239,"Okhla Phase-2, Delhi",False,5627 6934 8365 5598,49,-0.113,-4.480,0.265,0.000,-0.001,-0.228,0.054,1.375
oct01-24,8239,"Okhla Phase-2, Delhi",False,5627 6934 8365 5598,21,-0.311,-4.347,0.190,-0.017,-0.015,-0.260,-0.226,0.625
oct25-nov30,8239,"Okhla Phase-2, Delhi",False,5627 6934 8365 5598,28,-0.047,-2.203,0.321,0.019,0.028,-0.197,0.165,2.042
oct-nov,8365,"Nehru Nagar, Delhi",False,6957 5627 5634 11607,51,-0.047,-2.385,0.451,-0.017,-0.037,-0.482,0.459,18.162
oct01-24,8365,"Nehru Nagar, Delhi",False,6957 5627 5634 11607,21,-0.484,-4.037,0.238,-0.039,-0.049,-0.980,0.487,14.463
oct25-nov30,8365,"Nehru Nagar, Delhi",False,6957 5627 5634 11607,30,0.022,1.790,0.600,0.016,-0.030,-0.372,0.459,18.240
oct-nov,8472,"Bawana, Delhi",False,5626 10485 10831 10486,56,-0.347,-11.437,0.089,0.062,0.058,-0.795,0.250,-4.370
oct01-24,8472,"Bawana, Delhi",False,5626 10485 10831 10486,23,-0.323,-5.839,0.130,0.114,0.062,-0.676,0.294,-3.875
oct25-nov30,8472,"Bawana, Delhi",False,5626 10485 10831 10486,33,-0.374,-10.599,0.061,0.043,0.053,-0.855,0.248,-4.375
oct-nov,8475,"Sonia Vihar, Delhi",False,5541 7005 6359 8917,53,-0.176,-5.550,0.208,0.027,0.136,0.022,-0.166,-6.754
oct01-24,8475,"Sonia Vihar, Delhi",False,5541 7005 6359 8917,22,-0.100,-2.139,0.318,0.045,0.112,0.087,-0.062,-4.167
oct25-nov30,8475,"Sonia Vihar, Delhi",False,5541 7005 6359 8917,31,-0.246,-5.755,0.129,0.027,0.164,0.001,-0.235,-12.917
oct-nov,8915,"Wazirpur, Delhi",False,8917 8235 50 5541,55,0.071,2.261,0.600,0.059,0.007,0.140,0.177,5.500
oct01-24,8915,"Wazirpur, Delhi",False,8917 8235 50 5541,22,0.175,1.876,0.636,0.097,0.010,0.217,0.252,9.000
oct25-nov30,8915,"Wazirpur, Delhi",False,8917 8235 50 5541,33,0.038,1.367,0.576,0.051,0.004,0.078,0.131,3.938
oct-nov,8917,"Ashok Vihar, Delhi",False,8915 5541 8235 5610,54,-0.179,-5.113,0.259,0.082,-0.028,-0.441,0.161,-12.156
oct01-24,8917,"Ashok Vihar, Delhi",False,8915 5541 8235 5610,22,-0.237,-2.939,0.273,0.040,-0.107,-0.491,0.109,-10.833
oct25-nov30,8917,"Ashok Vihar, Delhi",False,8915 5541 8235 5610,32,-0.141,-4.467,0.250,0.099,0.014,-0.368,0.173,-12.625
oct-nov,10484,"Sri Aurobindo Marg, Delhi",False,5586 17 6957 11607,53,0.245,5.506,0.811,0.204,0.228,0.444,0.513,-15.965
oct01-24,10484,"Sri Aurobindo Marg, Delhi",False,5586 17 6957 11607,22,0.178,2.281,0.682,0.346,0.304,0.339,0.581,-4.995
oct25-nov30,10484,"Sri Aurobindo Marg, Delhi",False,5586 17 6957 11607,31,0.262,6.202,0.903,0.176,0.210,0.467,0.461,-18.307
oct-nov,10485,"Narela, Delhi",False,6932 8472 5626 10831,53,-0.163,-3.276,0.283,0.011,-0.032,-0.143,-0.064,5.521
oct01-24,10485,"Narela, Delhi",False,6932 8472 5626 10831,21,-0.018,-0.649,0.429,0.030,-0.032,-0.016,0.073,4.875
oct25-nov30,10485,"Narela, Delhi",False,6932 8472 5626 10831,32,-0.284,-3.923,0.188,0.001,-0.034,-0.167,-0.371,6.146
oct-nov,10486,"Mundka, Delhi",False,50 10831 5630 5626,52,0.185,4.687,0.750,-0.262,-0.198,-0.277,0.028,-0.176
oct01-24,10486,"Mundka, Delhi",False,50 10831 5630 5626,21,0.211,2.796,0.714,-0.293,-0.323,-0.370,0.083,-4.976
oct25-nov30,10486,"Mundka, Delhi",False,50 10831 5630 5626,31,0.178,3.729,0.774,-0.258,-0.158,-0.137,0.020,1.542
oct-nov,10488,"Najafgarh, Delhi",False,5622 6936,31,-0.137,-2.349,0.290,0.049,-0.070,0.133,-0.461,
oct01-24,10488,"Najafgarh, Delhi",False,5622 6936,19,-0.208,-2.940,0.211,0.066,-0.024,0.127,-0.420,
oct25-nov30,10488,"Najafgarh, Delhi",False,5622 6936,12,-0.030,0.017,0.417,-0.198,-0.155,0.133,-0.478,
oct-nov,10820,"Sector 30, Faridabad",True,10908 6934 8239 5598,0,,,,0.479,,0.301,1.060,
oct01-24,10820,"Sector 30, Faridabad",True,10908 6934 8239 5598,0,,,,,,0.032,0.164,
oct25-nov30,10820,"Sector 30, Faridabad",True,10908 6934 8239 5598,0,,,,0.479,,0.365,1.086,
oct-nov,10831,"Rohini, Delhi",False,5626 8235 8915 50,53,-0.400,-9.819,0.057,-0.105,-0.086,-0.536,-0.472,-7.708
oct01-24,10831,"Rohini, Delhi",False,5626 8235 8915 50,21,-0.624,-5.521,0.095,-0.115,-0.107,-0.746,-0.472,-1.833
oct25-nov30,10831,"Rohini, Delhi",False,5626 8235 8915 50,32,-0.375,-10.218,0.031,-0.100,-0.069,-0.487,-0.477,-11.625
oct-nov,11607,"Lodhi Road, Delhi",False,5634 6957 6929 8365,44,0.451,4.889,0.750,0.159,0.149,0.641,,-24.881
oct01-24,11607,"Lodhi Road, Delhi",False,5634 6957 6929 8365,16,0.873,6.862,0.938,0.083,0.050,0.873,,-12.979
oct25-nov30,11607,"Lodhi Road, Delhi",False,5634 6957 6929 8365,28,0.373,2.056,0.643,0.215,0.178,0.502,,-25.970
